ROWS_SITE_ID,1_EWSRC_ID,5_EWSRC_ID,35_EWSRC_ID,36_EWSRC_ID,37_EWSRC_ID,38_EWSRC_ID,50_EWSRC_ID,51_EWSRC_ID,60_EWSRC_ID,63_EWSRC_ID,70_EWSRC_ID,79_EWSRC_ID,87_EWSRC_ID,204_EWSRC_ID,206_EWSRC_ID,211_EWSRC_ID,212_EWSRC_ID,223_EWSRC_ID,224_EWSRC_ID,278_EWSRC_ID,414_EWSRC_ID,457_EWSRC_ID,466_EWSRC_ID,490_EWSRC_ID,536_EWSRC_ID,640_EWSRC_ID,650_EWSRC_ID
R_024007,,,,,b-LOXTMET.37,,,,,,,,,,,,,,,,,,,,,b-LOXTMET.640,b-LOXTMET.650
R_024518,,,,,b-MENGMET.37,,,,,,,,,,,,,,,,,,,,,b-MENGMET.640,b-MENGMET.650
R_024519,,,,,b-MILAMET.37,,,,,,,,,,,,,,,,,,,,,b-MILAMET.640,b-MILAMET.650
R_024536,,,,,b-TAILMET.37,,,,,,,,,,,,,,,,,,,,,b-TAILMET.640,b-TAILMET.650
R_046043,,,,,b-WILCMET.37,,,,,,,,,,,,,,,,,,,,,b-WILCMET.640,b-WILCMET.650
R_047019,,,,,b-MENINPO.37,,,,,,,,,,,,,,,,,,,,,b-MENINPO.640,b-MENINPO.650
R_047058,,,,,b-MENIMET.37,b-MENIMET.38,,,,,,,,,,,,,,,,,,,,,
R_072023,,,,,b-HUMEMET.37,b-HUMEMET.38,,,,,,,,,,,,,,,,,,,,b-HUMEMET.640,b-HUMEMET.650
R_074128,,,,,b-DENIMET.37,,,,,,,,,,,,,,,,,,,,,b-DENIMET.640,b-DENIMET.650
R_076031,,,,,b-MILDMET.37,,,,,,,,,,,,,,,,,,,,,b-MILDMET.640,b-MILDMET.650
R_077094,,,,,b-SWANMET.37,,,,,,,,,,,,,,,,,,,,,b-SWANMET.640,b-SWANMET.650
R_080023,,,,,b-KERAMET.37,,,,,,,,,,,,,,,,,,,,,b-KERAMET.640,b-KERAMET.650
R_081057,,,,,b-YARRAPO.37,,,,,,,,,,,,,,,,,,,,,b-YARRAPO.640,b-YARRAPO.650
R_082076,,,,,b-DARTMET.37,b-DARTMET.38,,,,,,,,,,,,,,,,,,,,b-DARTMET.640,b-DARTMET.650
R_401012,b-BIGGARA.1,b-BIGGARA.5,,,b-BIGGARA.37,,,,,,,,,,,,,,,,,,,,,,
R_401013,b-JINGCK.1,b-JINGCK.5,,,b-JINGCK.37,,,,,,,,,,,,,,,,,,,,,,
R_401014,b-PINEGRO.1,b-PINEGRO.5,,,b-PINEGRO.37,,,,,,,,,,,,,,,,,,,,,,
R_401015,b-YAMBLA.1,,,,b-YAMBLA.37,,,,,,,,,,,,,,,,,,,,,,
R_401027,b-HUMEUS.1,,b-HUMEUS.35,b-HUMEUS.36,,,,,,,,b-HUMEUS.79,,,,,,,,,,b-HUMEUS.457,,,b-HUMEUS.536,,
R_401201A,b-JINGELL.1,b-JINGELL.5,,,b-JINGELL.37,,,,,,,,,,,,,,,,,,,,,,
R_401203A,b-HINNOMU.1,,,,b-HINNOMU.37,,,,,,,,,,,,,,,,,,,,,,
R_401204A,b-TALLAND.1,,,,,,,,,,,,,,,,,,,,,,,,,,
R_401208A,b-BERRINM.1,,,,b-BERRINM.37,,,,,,,,,,,,,,,,,,,,,,
R_401210A,b-GRANITE.1,,,,b-GRANITE.37,,,,,,,,,,,,,,,,,,,,,,
R_401211A,b-COLEMAN.1,,,,,,,,,,,,,,,,,,,,,,,,,,
R_401216A,b-JOKER.1,,,,b-JOKER.37,,,,,,,,,,,,,,,,,,,,,,
R_401217A,b-GIBBOPK.1,,,,b-GIBBOPK.37,,,,,,,,,,,,,,,,,,,,,,
R_401220B,b-MCCALLM.1,,,,b-MCCALLM.37,,,,,,,,,,,,,,,,,,,,,,
R_401224A,,,b-DARTUS.35,b-DARTUS.36,,,,,,,,,,,,,,,,,,,,,,,
R_401229A,b-CUDGEWA.1,,,,,,,,,,,,,,,,,,,,,,,,,,
R_401230A,b-TOWONG.1,,,,,,,,,,,,,,,,,,,,,,,,,,
R_401231A,b-LIGHTEN.1,,,,b-LIGHTEN.37,,,,,,,,,,,,,,,,,,,,,,
R_401549,b-BRINGEN.1,,,,,,,,,,,,,,,,,,,,,,,,,,
R_402203A,b-MONGANS.1,,,,b-MONGANS.37,,,,,,,,,,,,,,,,,,,,,,
R_402204A,b-OSBFLAT.1,,,,b-OSBFLAT.37,,,,,,,,,,,,,,,,,,,,,,
R_402205A,b-BANDIAN.1,b-BANDIAN.5,,,,,,,,,,,,,,,,,,,,,,,,,
R_402220A,b-KIEWOVR.1,,,,,,,,,,,,,,,,,,,,,,,,,,
R_402222A,b-KIEWPRT.1,b-KIEWPRT.5,,,,,,,,,,,,,,,,,,,,,,,,,
R_403205C,b-BRIGHT.1,,,,,,,,,,,,,,,,,,,,,,,,,,
R_403213A,b-GRETA.1,,,,,,,,,,,,,,,,,,,,,,,,,,
R_403220B,b-DSBUFFA.1,,,,,,,,,,,,,,,,,,,,,,,,,,
R_403227A,b-CHESHUN.1,,,,b-CHESHUN.37,,,,,,,,,,,,,,,,,,,,,,
R_403228B,b-DSWILHO.1,,,,,,,,,,,,,,,,,,,,,,,,,,
R_403230A,b-ROCKYPT.1,,,,,,,,,,,,,,,,,,,,,,,,,,
R_403233A,b-BUCKLND.1,,,,,,,,,,,,,,,,,,,,,,,,,,
R_403234A,,,b-WILLHOV.35,b-WILLHOV.36,b-WILLHOV.37,b-WILLHOV.38,,,,,,,b-WILLHOV.87,,,,,,,,,,,,,,
R_403235A,,,b-BUFFALO.35,b-BUFFALO.36,b-BUFFALO.37,b-BUFFALO.38,,,,,,,b-BUFFALO.87,,,,,,,,,,,,,,
R_403241A,b-PEECHEL.1,b-PEECHEL.5,,,,,,,,,,,,,,,,,,,,,,,,,
R_403242C,b-OVENS.1,,,,,,,,,,,,,,,,,,,,,,,,,,
R_403250A,b-EUROBIN.1,,,,,,,,,,,,,,,,,,,,,,,,,,
R_404210D,b-RICESWR.1,b-RICESWR.5,,,,,,,,,,,,,,,,,,,b-RICESWR.414,,b-RICESWR.466,,,,
R_404222A,b-ORRVALE.1,,,,,,,,,,,,,,,,,,,,,,,,,,
R_405203C,b-DSEILDN.1,,,,,,,,,,,,,,,,,,,,,,,,,,
R_405204C,b-SHEPPAR.1,,,,,,,,,,,,,,,,,,,,,,,,,,
R_405232C,b-MCCOYSB.1,b-MCCOYSB.5,,,,,,,,,,,,,,,,,,,b-MCCOYSB.414,,b-MCCOYSB.466,,,,
R_405258A,,,,b-EILDON.36,,,,,,,,,,,,,,,,,,,,,,,
R_406202C,b-ROCHEST.1,b-ROCHEST.5,,,,,,,,,,,,,,,,,,,b-ROCHEST.414,,b-ROCHEST.466,,,,
R_407202C,b-KERANGW.1,b-KERANGW.5,,,,,,,,,,,,,,,,,,,,,,,,,
R_407205A,b-APPIN.1,,,,,,,,,,,,,,,,,,,,,,,,,,
R_407209A,b-KOONDSP.1,,,,,,,,,,,,,,,,,,,,,,,,,,
R_407236B,b-MTHOPE.1,,,,,,,,,,,,,,,,,,,,,,,,,,
R_407251A,b-SHEEPCK.1,,,,,,,,,,,,,,,,,,,,,,,,,,
R_407252A,b-CAPELSX.1,b-CAPELSX.5,,,,,,,,,,,,,,,,,,,,,,,,,
R_407601A,,,b-KANGARO.35,b-KANGARO.36,,,,,,,,,,,,,,,,,,,,,,,
R_409001,b-ALBURY.1,b-ALBURY.5,,,,,,,,,,,,,,,,,,,,,,,,,
R_409002,b-COROWA.1,b-COROWA.5,,,,,,,,,,,,,,,,,,,,,,,,,
R_409003,b-DENILQ.1,b-DENILQ.5,,,b-DENILQ.37,,,,,,,,,,,,,,,,,,,,,,
R_409005,b-BARHAM.1,b-BARHAM.5,,,,,,,,,,,,,,,,,,,,,,,,,
R_409006,b-PICNIC.1,,,,,,,,,,,,,,,,,,,,,,,,,,
R_409008,b-EDWOFF.1,b-EDWOFF.5,,,,,,,,,,,,,,,,,,,,,,,,,
R_409013,b-STONEYX.1,b-STONEYX.5,,,,,,,,,,,,,,,,,,,,,,,,,
R_409014,b-MOULAME.1,b-MOULAME.5,,,b-MOULAME.37,,,,,,,,,,,,,,,,,,,,,,
R_409016,b-HEYWOOD.1,b-HEYWOOD.5,,,,,,,,,,,,,,,,,,,,,,,,,
R_409017,b-DOCTORS.1,b-DOCTORS.5,,,,,,,,,,,,,,,,,,,,,,,,,
R_409019,b-WAKREG.1,,,,,,,,,,,,,,,,,,,,,,,,,,
R_409020,b-YALLREG.1,,,,,,,,,,,,,,,,,,,,,,,,,,
R_409022,,,,,,,b-WAKCAN.50,,,,,,,,,b-WAKCAN.211,,,,,,,,,,,
R_409023,b-STEVSWR.1,b-STEVSWR.5,,,b-STEVSWR.37,,b-STEVSWR.50,,,,,,,,,,,,,,,,,,,,
R_409024,b-COLLREG.1,,,,,,,,,,,,,,,,,,,,,,,,,,
R_409025,b-YARRADS.1,b-YARRADS.5,,,,,,,,,,,,,,,,,,,,,,,,,
R_409026,,,,,,,b-MULWALA.50,,,,,,,,,b-MULWALA.211,,,,,,,,,,,
R_409029,,,,,,,b-EDWESC.50,,,b-EDWESC.63,,,,b-EDWESC.204,,,,,,,,,,,,,
R_409030,b-GULPOFF.1,,,,,,,,,,,,,,,,,,,,,,,,,,
R_409035,b-LIEWAH.1,b-LIEWAH.5,,,,,,,,,,,,,,,,,,,,,,,,,
R_409036,b-MERUWJ.1,b-MERUWJ.5,,,,,,,,,,,,,,,,,,,,,,,,,
R_409037,b-HOWLONG.1,b-HOWLONG.5,,,,,,,,,,,,,,,,,,,,,,,,,
R_409044,b-FRANKBR.1,b-FRANKBR.5,,,,,,,,,,,,,,,,,,,,,,,,,
R_409045,b-WAKBAR.1,b-WAKBAR.5,,,,,,,,,,,,,,,,,,,,,,,,,
R_409047,b-TOONALK.1,b-TOONALK.5,,,,,,,,,,,,,,,,,,,,,,,,,
R_409048,b-NIEMBAR.1,,,,,,,,,,,,,,,,,,,,,,,,,,
R_409056,b-TUPPALM.1,b-TUPPALM.5,,,,,,,,,,,,,,,,,,,,,,,,,
R_409061,b-WAKCOON.1,b-WAKCOON.5,,,,,,,,,,,,,,,,,,,,,,,,,
R_409062,b-WAKGEE.1,b-WAKGEE.5,,,,,,,,,,,,,,,,,,,,,,,,,
R_409075,b-BULLATA.1,b-BULLATA.5,,,,,,,,,,,,,,,,,,,,,,,,,
R_409077,,,,,,,,,,b-FINLESC.63,,,,b-FINLESC.204,,,,,,,,,,,,,
R_409086,b-NIEMMAL.1,b-NIEMMAL.5,,,,,,,,,,,,,,,,,,,,,,,,,
R_409098,b-WADDREG.1,,,,,,,,,,,,,,,,,,,,,,,,,,
R_409101,,,b-STEVWUS.35,,,,,,,,,,,,,,,,,,,,,,,,
R_409103,,,,,,,,,,b-WAKESC.63,,,,b-WAKESC.204,,,,,,,,,,,,,
R_409202A,b-TOCUMWA.1,b-TOCUMWA.5,,,,,,,,,,,,,,,,,,,,,,,,,
R_409204C,b-SWANHIL.1,b-SWANHIL.5,,,,,,,,,,,,,,,,,,,,,,,,,
R_409206B,,b-NYAH.5,,,,,,,,,,,,,,,,,,,,,,,,,
R_409207B,b-TORRDS.1,,,,,,,,,,,,,,,,,,,,,,,,,,
R_409214A,b-PENTAL.1,b-PENTAL.5,,,,,,,,,,,,,,,,,,,,,,,,,
R_409215B,b-BARMAH.1,b-BARMAH.5,,,,,,,,,,,,,,,,,,,,,,,,,
R_409216A,,,b-YARRAUS.35,b-YARRAUS.36,b-YARRAUS.37,,,,,,,,,,,,,,,,,,,,,,
R_409219,,b-TORRUS.5,b-TORRUS.35,b-TORRUS.36,b-TORRUS.37,,,,,,,,,,,,,,,,,,,,,,
R_409701E,,,,,,,b-TORRDIV.50,,,,,,,,,b-TORRDIV.211,,,,,,,,,,,
R_409710A,,,,,,,,,,,,,,b-YMCESC.204,,,,,,,,,,,,,
R_409722A,,,,,,,b-YWCANAL.50,,,,,,,,,b-YWCANAL.211,,,,,,,,,,,
R_410001,,b-WAGGA.5,,,,,,,,,,,,,,,,,,,,,,,,,
R_410004,,b-GUNDAGI.5,,,,,,,,,,,,,,,,,,,,,,,,,
R_410017,b-CONARGO.1,,,,,,,,,,,,,,,,,,,,,,,,,,
R_410021,b-DARLPT.1,,,,,,,,,,,,,,,,,,,,,,,,,,
R_410040,b-MAUDE.1,,,,,,,,,,,,,,,,,,,,,,,,,,
R_410041,b-REDBANK.1,,,,,,,,,,,,,,,,,,,,,,,,,,
R_410091,,b-WALBUND.5,,,,,,,,,,,,,,,,,,,,,,,,,
R_410102,,,,b-BLOWERI.36,b-BLOWERI.37,,,,,,,,,,,,,,,,,,,,,,
R_41010941,,,b-MAUDEUS.35,,,,,,,,,,,,,,,,,,,,,,,,
R_41010966,,,b-REDBNUS.35,,,,,,,,,,,,,,,,,,,,,,,,
R_410130,b-BALRAN.1,b-BALRAN.5,,,,,,,,,,,,,,,,,,,,,b-BALRAN.466,b-BALRAN.490,,,
R_410131,,,,b-BURRINJ.36,b-BURRINJ.37,,,,,,,,,,,,,,,,,,,,,,
R_410133,b-COLEAMB.1,,,,,,,,,,,,,,,,,,,,,,,,,,
R_410134,b-DARLOT.1,b-DARLOT.5,,,,,,,,,,,,,,,,,,,,,,,,,
R_410136,b-HAYDS.1,,,,,,,,,,,,,,,,,,,,,,,,,,
R_410148,,b-WARRIST.5,,,,,,,,,,,,,,,,,,,,,,,,,
R_410169,,b-YANCOBR.5,,,,,,,,,,,,,,,,,,,,,,,,,
R_413001,,b-MCLIFF1.5,,,,,,,,,,,,,,,,,,,,,,,,,
R_413002,,b-MCLIFF2.5,,,,,,,,,,,,,,,,,,,,,,,,,
R_41310025,,b-REDCLF2.5,,,,,,,,,,,,,,,,,,,,,,,,,
R_414200A,b-WAKJUNC.1,b-WAKJUNC.5,,,,,,,,,,,,,,,,,,,,,,,,,
R_414201B,b-BOUBEND.1,b-BOUBEND.5,,,,,,,,,,,,,,,,,,,,,,,,,
R_414203C,b-EUSTDS.1,b-EUSTDS.5,,,,,,,,,,,,,,,,,,,,,,,,,
R_414206,,b-MERBEIN.5,,,,,,,,,,,,,,,,,,,,,,,,,
R_414207A,b-COLIGNA.1,b-COLIGNA.5,,,,,,,,,,,,,,,,,,,,,,,,,
R_414209,,,b-EUSTUS.35,b-EUSTUS.36,b-EUSTUS.37,,,,,,,,,,,,,,,,,,,,,,
R_414210A,,b-MILDURA.5,,,,,,,,,,,,,,,,,,,,,,,,,
R_414211B,b-MULLERO.1,,,,,,,,,,,,,,,,,,,,,,,,,,
R_414216A,b-CHAFGRV.1,b-CHAFGRV.5,,,,,,,,,,,,,,,,,,,,,,,,,
R_416001,b-MUNGIND.1,,,,,,,,,,,,,,,,,,,,,,,,,,
R_417001,b-GUNDABA.1,,,,,,,,,,,,,,,,,,,,,,,,,,
R_418001,b-PALLAMA.1,,,,,,,,,,,,,,,,,,,,,,,,,,
R_418066,b-GWYMILL.1,,,,,,,,,,,,,,,,,,,,,,,,,,
R_419003,b-NARRCRK.1,,,,,,,,,,,,,,,,,,,,,,,,,,
R_419039,b-MOLLEE.1,,,,,,,,,,,,,,,,,,,,,,,,,,
R_419091,b-NAMWALG.1,,,,,,,,,,,,,,,,,,,,,,,,,,
R_420020,b-GUNGLMN.1,,,,,,,,,,,,,,,,,,,,,,,,,,
R_421023,b-GONGOLG.1,,,,,,,,,,,,,,,,,,,,,,,,,,
R_422001,b-WALGETT.1,,,,,,,,,,,,,,,,,,,,,,,,,,
R_422002,b-BREWARR.1,,,,,,,,,,,,,,,,,,,,,,,,,,
R_422003,b-COLLARE.1,,,,,,,,,,,,,,,,,,,,,,,,,,
R_422004,b-MOGIL.1,,,,,,,,,,,,,,,,,,,,,,,,,,
R_422005,b-BOKHARA.1,,,,,,,,,,,,,,,,,,,,,,,,,,
R_422006,b-KENEBRE.1,,,,,,,,,,,,,,,,,,,,,,,,,,
R_422011,b-MUNDIWA.1,,,,,,,,,,,,,,,,,,,,,,,,,,
R_422015,b-BRENDA.1,,,,,,,,,,,,,,,,,,,,,,,,,,
R_422023,b-BREWTOT.1,,,,,,,,,,,,,,,,,,,,,,,,,,
R_422025,b-TARA.1,,,,,,,,,,,,,,,,,,,,,,,,,,
R_422026,b-BOROMA.1,,,,,,,,,,,,,,,,,,,,,,,,,,
R_422027,b-GEERA.1,,,,,,,,,,,,,,,,,,,,,,,,,,
R_422028,b-BEEMERY.1,,,,,,,,,,,,,,,,,,,,,,,,,,
R_422030,b-NEWANGL.1,,,,,,,,,,,,,,,,,,,,,,,,,,
R_422032,b-BOKHGOO.1,,,,,,,,,,,,,,,,,,,,,,,,,,
R_422033,b-COLLTOT.1,,,,,,,,,,,,,,,,,,,,,,,,,,
R_423001,b-FORDSBR.1,,,,,,,,,,,,,,,,,,,,,,,,,,
R_423002,b-FORDSBY.1,,,,,,,,,,,,,,,,,,,,,,,,,,
R_423004,b-BARRING.1,,,,,,,,,,,,,,,,,,,,,,,,,,
R_425003,b-BOURKE.1,b-BOURKE.5,,,,,,,,,,,,,,,,,,,,,,,,,
R_425004,b-LOUTH.1,b-LOUTH.5,,,,,,,,,,,,,,,,,,,,,,,,,
R_425005,b-POONCAR.1,b-POONCAR.5,,,,,,,,,,,,,,,,,,,,,,,,,
R_425007,b-BURTUND.1,b-BURTUND.5,,,,,,,,,,,,,,,,,,,,,,,,,
R_425008,b-WILCAN.1,b-WILCAN.5,,,,,,,,,,,,,,,,,,,,,,,,,
R_425010,b-WENTWTH.1,b-WENTWTH.5,,,b-WENTWTH.37,,,,,,,,,,,,,,,,,,,,,,
R_425012,b-WEIR32.1,b-WEIR32.5,,,,,,,,,,,,,,,,,,,,,,,,,
R_425014,b-CAWNOUT.1,,,,,,,,,,,,,,,,,,,,,,,,,,
R_425017B,,b-WENTDAR.5,,,,,,,,,,,,,,,,,,,,,,,,,
R_425018,b-TALYBH.1,,,,,,,,,,,,,,,,,,,,,,,,,,
R_425020,,,b-WETHER.35,b-WETHER.36,,,,,,,,,,,,,,,,,,,,,,,
R_425021,,,b-PAMAMA.35,b-PAMAMA.36,,,,,,,,,,,,,,,,,,,,,,,
R_425022,,,b-LKMENIN.35,b-LKMENIN.36,,,,,,,,,,,,,,,,,,,,,,,
R_425023,,,b-CAWNDIL.35,b-CAWNDIL.36,,,,,,,,,,,,,,,,,,,,,,,
R_425024,b-PAMAMIN.1,,,,,,,,,,,,,,,,,,,,,,,,,,
R_425025,b-MENININ.1,,,,,,,,,,,,,,,,,,,,,,,,,,
R_425034,b-MENINMW.1,,,,,,,,,,,,,,,,,,,,,,,,,,
R_425039,b-WARAWEN.1,,,,,,,,,,,,,,,,,,,,,,,,,,
R_425040,,,b-MENICAW.35,b-MENICAW.36,,,,,,,,,,,,,,,,,,,,,,,
R_425042,b-PAMOUT.1,,,,,,,,,,,,,,,,,,,,,,,,,,
R_425043,b-WETHOUT.1,,,,,,,,,,,,,,,,,,,,,,,,,,
R_425044,b-MENOUT.1,,,,,,,,,,,,,,,,,,,,,,,,,,
R_425048,b-DARLANA.1,,,,,,,,,,,,,,,,,,,,,,,,,,
R_42510008,,,b-TANDURE.35,b-TANDURE.36,,,,,,,,,,,,,,,,,,,,,,,
R_42510037,,,b-COPIHOL.35,b-COPIHOL.36,,,,,,,,,,,,,,,,,,,,,,,
R_425900,b-TILPA.1,b-TILPA.5,,,,,,,,,,,,,,,,,,,,,,,,,
R_426200A,b-MRUFUSR.1,b-MRUFUSR.5,,,,,,,,,,,,,,,,,,,,,,,,,
R_6ON7CHN,b-6ON7CHN.1,,,,,,,,,,,,,,,,,,,,,,,,,,
R_A4260500,b-LVICIN.1,,b-LVICINU.35,,,,,,,,,,,,,,,,,,,,,,,,
R_A4260501,,b-LOCK9US.5,b-LOCK9US.35,,,,,,,,,,,,,,,,,,,,,,,,
R_A4260502,b-LVIC.1,,,,,,,,,,,,,,,,,,,,,,,,,,
R_A4260505,b-LOCK9US.1,,,,,,,,,,,,,,,,,,,,,,,,,,
R_A4260506,,b-LOCK8US.5,b-LOCK8US.35,,,,,,,,,,,,,,,,,,,,,,,,
R_A4260507,b-LOCK8US.1,,,,,,,,,,,,,,,,,,,,,,,,,,
R_A4260508,,b-LOCK7US.5,,,,,,,,,,,,,,,,,,,,,,,,,
R_A4260509,b-LOCK7US.1,,,,,,,,,,,,,,,,,,,,,,,,,,
R_A4260510,,b-LOCK6US.5,b-LOCK6US.35,,,,,,,,,,,,,,,,,,,,,,,,
R_A4260511,b-LOCK6US.1,,,,,,,,,,,,,,,,,,,,,,,,,,
R_A4260512,,b-LOCK5US.5,b-LOCK5US.35,,,,,,,,,,,,,,,,,,,,,,,,
R_A4260513,b-LOCK5US.1,,,,b-L5MET.37,b-L5MET.38,,,,,,,,,,,,,,,,,,,,,
R_A4260514,,b-LOCK4US.5,b-LOCK4US.35,,,,,,,,,,,,,,,,,,,,,,,,
R_A4260515,b-LOCK4US.1,,,,,,,,,,,,,,,,,,,,,,,,,,
R_A4260516,,b-LOCK3US.5,b-LOCK3US.35,,,,,,,,,,,,,,,,,,,,,,,,
R_A4260517,b-LOCK3US.1,,,,,,,,,,,,,,,,,,,,,,,,,,
R_A4260518,,b-LOCK2US.5,b-LOCK2US.35,,,,,,,,,,,,,,,,,,,,,,,,
R_A4260519,b-LOCK2US.1,,,,,,,,,,,,,,,,,,,,,,,,,,
R_A4260521,,b-MANNUM.5,,,,,,,,,,,,,,,,,,,,,,,,,
R_A4260524,,b-MILANG.5,,,,,,,,,,,,,,,,,,,,,,,,,
R_A4260525,b-GOOLBDS.1,,,,,,,,,,,,,,,,,,,,,,,,,,
R_A4260526,b-MUNDOO.1,,,,b-MUNDOO.37,b-MUNDOO.38,,,,,,,,,,,,,,,,,,,,,
R_A4260527,b-TAUWIT.1,,,,,,,,,,,,,,,,,,,,,,,,,,
R_A4260528,b-OVERLAN.1,,,,,,,,,,,,,,,,,,,,,,,,,,
R_A4260537,,b-BERRI.5,,,,,,,,,,,,,,,,,,,,,,,,,
R_A4260550,,b-LOXTON.5,,,,,,,,,,,,,,,,,,,,,,,,,
R_A4260553,,b-LVIC.5,b-LVIC.35,b-LVIC.36,,,,,,,,,,,,,,,,,,,,,,,
R_A4260554,,b-MORGAN.5,,,,,,,,,,,,,,,,,,,,,,,,,
R_A4260570,b-BOUNDCK.1,,,,,,,,,,,,,,,,,,,,,,,,,,
R_A4260571,b-EWEI.1,,,,,,,,,,,,,,,,,,,,,,,,,,
R_A4260574,,b-MULGUNA.5,,,,,,,,,,,,,,,,,,,,,,,,,
R_A4260575,,b-POLTALL.5,,,,,,,,,,,,,,,,,,,,,,,,,
R_A4260628,,b-RENMARK.5,,,,,,,,,,,,,,,,,,,,,,,,,
R_A4260630,,,b-MENINGI.35,,,,,,,,,,,,,,,,,,,,,,,,
R_A4260635,,b-LVICCON.5,,,,,,,,,,,,,,,,,,,,,,,,,
R_A4260640,,,b-LKALEX.35,,,,,,,,,,,,,,,,,,,,,,,,
R_A4260641,,b-RRMOUTH.5,,,,,,,,,,,,,,,,,,,,,,,,,
R_A4260902,,b-RRMOUTH.5,b-RRMOUTH.35,,,,,,,,,,,,,,,,,,,,,,,,
R_A4260903,b-LOCK1US.1,,,,b-L1MET.37,b-L1MET.38,,,,,,,,,,,,,,,,,,,,,
R_047016,,,,,b-LVICMET.37,b-LVICMET.38,,,,,,,,,,,,,,,,,,,,b-LVICMET.640,b-LVICMET.650
R_A4261034,,,,,b-GOOLWAB.37,,,,,,,,,,,,,,,,,,,,,,
R_A4261091,b-CHOWILA.1,,,,,,,,,,,,,,,,,,,,,,,,,,
R_A4261093,,b-LVICPON.5,b-LVICPON.35,b-LVICPON.36,,,,,,,,,,,,,,,,,,,,,,,
R_A4261123,,b-GOOLWAB.5,,,,,,,,,,,,,,,,,,,,,,,,,
R_A4261124,,b-CLAYTON.5,,,,,,,,,,,,,,,,,,,,,,,,,
R_A4261126,,b-WOODPON.5,,,,,,,,,,,,,,,,,,,,,,,,,
R_A4261133,,b-NARRUNG.5,,,,,,,,,,,,,,,,,,,,,,,,,
R_A4261153,,b-WALTOWA.5,b-WALTOWA.35,,,,,,,,,,,,,,,,,,,,,,,,
R_A4261155,,b-MENINGI.5,,,,,,,,,,,,,,,,,,,,,,,,,
R_A4261159,,b-WELFERY.5,,,,,,,,,,,,,,,,,,,,,,,,,
R_A4261162,,b-MBRIDGE.5,,,,,,,,,,,,,,,,,,,,,,,,,
R_A4261164,,b-SWNRCH.5,,,,,,,,,,,,,,,,,,,,,,,,,
R_AVOCA,b-AVOCA.1,,,,,,,,,,,,,,,,,,,,,,,,,,
R_BARMWTP,,,,,,,,,,,,,,,,,,b-BARMWTP.223,,,,,,,,,
R_BARRCK,b-BARRCK.1,,,,,,,,,,,,,,,,,,,,,,,,,,
R_BARRFSH,b-BARRFSH.1,,,,,,,,,,,,,,,,,,,,,,,,,,
R_BARRPUM,,b-BARRPUM.5,,,,,,,b-BARRPUM.60,,,,,,,,,,,,,,,,,,
R_BERRWTP,,,,,,,,,,,,,,,,,,b-BERRWTP.223,,,,,,,,,
R_BOGAIN,b-BOGAIN.1,,,,,,,,,,,,,,,,,,,,,,,,,,
R_BOGAOUT,b-BOGAOUT.1,,,,,,,,,,,,,,,,,,,,,,,,,,
R_BROKESC,,,,,,,,,,,,,,b-BROKESC.204,,,,,,,,,,,,,
R_BURPUMP,,,,,,,b-BURPUMP.50,,,,,,,,,,b-BURPUMP.212,,,,,,,,,,
R_CADPUM,,,,,,,,,,,,,,,,,,,b-CADPUM.224,,,,,,,,
R_CAW2DAR,b-CAW2DAR.1,,,,,,,,,,,,,,,,,,,,,,,,,,
R_CHANNL9,b-CHANNL9.1,,,,,,,,,,,,,,,,,,,,,,,,,,
R_CHMRGDS,b-CHMRGDS.1,,,,,,,,,,,,,,,,,,,,,,,,,,
R_COBPUMP,,,,,,,b-COBPUMP.50,,,,b-COBPUMP.70,,,,,,,,,,,,,,,,
R_COOMPUM,,,,,,,b-COOMPUM.50,,,,,,,,,,b-COOMPUM.212,,,,,,,,,,
R_COWANNA,,b-COWANNA.5,,,,,,,,,,,,,,,,,,,,,,,,,
R_COWPUM,,,,,,,,,,,,,,,,,,,b-COWPUM.224,,,,,,,,
R_CURLPUM,,,,,,,b-CURLPUM.50,,,,,,,,,,b-CURLPUM.212,,,,,,,,,,
R_DARDIVA,,,,,,,,,,b-DARDIVA.70,,,,,,,,,,,,,,,,,
R_DARDIVB,,,,,,,,,,b-DARDIVB.70,,,,,,,,,,,,,,,,,
R_DARDIVC,,,,,,,,,,b-DARDIVC.70,,,,,,,,,,,,,,,,,
R_DARDIVD,,,,,,,,,,b-DARDIVD.70,,,,,,,,,,,,,,,,,
R_DARDIVE,,,,,,,,,,b-DARDIVE.70,,,,,,,,,,,,,,,,,
R_DARTREG,,,b-DARTREG.35,b-DARTREG.35,,,,,,,,,,,,,,,,,,,,,,,
R_EUCMUR,,,,b-EUCMUR.36,,,,,,,,,,,,,,,,,,,,,,,
R_EUCUMBE,,,b-EUCUMBE.35,b-EUCUMBE.36,,,,,,,,,,,,,,,,,,,,,,,
R_FLOWTOSA,b-SAFLOW.1,,,,,,,,,,,,,,,,,,,,,,,,,,
R_FMITPUM,,,,,,,b-FMITPUM.50,b-FMITPUM.51,,,,,,,,,b-FMITPUM.212,,,,,,,,,,
R_GEEHSTO,,,b-GEEHSTO.36,b-GEEHSTO.36,,,,,,,,,,,,,,,,,,,,,,,
R_JINDABY,,,b-JINDABY.36,b-JINDABY.36,,,,,,,,,,,,,,,,,,,,,,,
R_KHANCOB,b-KHANCOB.1,,,,,,,,,,,,,,,,,,,,,,,,,,
R_KHANSTO,,,b-KHANSTO.36,b-KHANSTO.36,,,,,,,,,,,,,,,,,,,,,,,
R_KOONPUM,,,,,,,,,,,,,,,,,b-KOONPUM.212,,,,,,,,,,
R_KOWSWMP,,,b-KOWSWMP.35,b-KOWSWMP.36,,,,,,,,,,,,,,,,,,,,,,,
R_LOXTWTP,,,,,,,,,,,,,,,,,,b-LOXTWTP.223,,,,,,,,,
R_LTMURWR,b-LTMURWR.1,b-LTMURWR.5,,,,,,,,,,,,,,,,,,,,,,,,,
R_MAMANAD,,,,,,,,,,,,,,,,,,,b-MAMANAD.224,,,,,,,,
R_MAMBONK,,,,,,,,,,,,,,,,,,,b-MAMBONK.224,,,,,,,,
R_MENINDE,,,,b-MENINDE.36,,,,,,,,,,,,,,,,,,,,,,,
R_MERANCK,,,,,,,,,,,b-MERANCK.70,,,,,,,,,,,,,,,,
R_MERBPUM,,,,,,,b-MERBPUM.50,b-MERBPUM.51,,,,,,,,,b-MERBPUM.212,,,,,,,,,,
R_MILLPUM,,,,,,,b-MILLPUM.50,,,,,,,,,,b-MILLPUM.212,,,,,,,,,,
R_MOIRPUM,,,,,,,b-MOIRPUM.50,,,,,,,,,,b-MOIRPUM.212,,,,,,,,,,
R_MORGPUM,,,,,,,,,,,,,,,,,,,b-MORGPUM.224,,,,,,,,
R_MULDLWC,,,,,,,b-MULDLWC.50,,,,,,,,,,,,,,,,,,,,
R_MULMDBC,,,,,,,b-MULMDBC.50,,,,,,,,,,,,,,,,,,,,
R_MUR1REL,b-MUR1REL.1,,,,,,,,,,,,,,,,,,,,,,,,,,
R_409068,,,,,,,b-NIEMNBC.50,,,,,,,,,,,,,,,,,,,,
R_NSWDIVC,,,,,,,,,,,b-NSWDIVC.70,,,,,,,,,,,,,,,,
R_NSWDIVD,,,,,,,,,,,b-NSWDIVD.70,,,,,,,,,,,,,,,,
R_NSWDIVE,,,,,,,,,,,b-NSWDIVE.70,,,,,,,,,,,,,,,,
R_NSWDIVF,,,,,,,,,,,b-NSWDIVF.70,,,,,,,,,,,,,,,,
R_NSWDIVG,,,,,,,,,,,b-NSWDIVG.70,,,,,,,,,,,,,,,,
R_NSWDIVH,,,,,,,,,,,b-NSWDIVH.70,,,,,,,,,,,,,,,,
R_NSWDVHY,,,,,,,,,,,b-NSWDVHY.70,,,,,,,,,,,,,,,,
R_NSWDVYB,,,,,,,,,,,b-NSWDVYB.70,,,,,,,,,,,,,,,,
R_NYAHPUM,,,,,,,,,,,,,,,,,b-NYAHPUM.212,,,,,,,,,,
R_OLDMILD,,b-OLDMILD.5,,,,,,,,,,,,,,,,,,,,,,,,,
R_409100,,,,,,,,,,b-PERRESC.63,,,,b-PERRESC.204,,,,,,,,,,,,,
R_PIPUMPS,,,,,,,b-PIPUMPS.50,,,,,,,,,,b-PIPUMPS.212,,,,,,,,,,
R_PRESMAK,b-PRESMAK.1,,,,,,,,,,,,,,,,,,,,,,,,,,
R_REDCPUM,,,,,,,b-REDCPUM.50,b-REDCPUM.51,,,,,,,,,b-REDCPUM.212,,,,,,,,,,
R_RENMWTP,,,,,,,,,,,,,,,,,,b-RENMWTP.223,,,,,,,,,
R_ROBVPUM,,,,,,,b-ROBVPUM.50,b-ROBVPUM.51,,,,,,,,,b-ROBVPUM.212,,,,,,,,,,
R_SNOWYDV,b-SNOWYDV.1,,,,,,,,,,,,,,,,,,,,,,,,,,
R_SRSTOCK,,,,,,,,,,,,,,,,,,,b-SRSTOCK.224,,,,,,,,
R_SWHPUMP,,,,,,,b-SWHPUMP.50,,,,,,,,,,b-SWHPUMP.212,,,,,,,,,,
R_TAILWTP,,,,,,,,,,,,,,,,,,b-TAILWTP.223,,,,,,,,,
R_TANCAW,,,,,,,,,,,,,,,b-TANCAW.206,,,,,,,,,,,,
R_TANDIV,,,,,,,,,,,,,,,b-TANDIV.206,,,,,,,,,,,,
R_TOOMADV,b-TOOMADV.1,,,,,,,,,,,,,,,,,,,,,,,,,,
R_TOOMINF,,,,,,,,,,,,,,,,,,,b-TOOMINF.278,,,,,,,,
R_TOOMSTO,,,b-TOOMSTO.36,b-TOOMSTO.36,,,,,,,,,,,,,,,,,,,,,,,
R_TUMUT1,b-TUMUT1.1,,,,,,,,,,,,,,,,,,,,,,,,,,
R_VICDIV1,,,,,,,,,,,b-VICDIV1.70,,,,,,,,,,,,,,,,
R_VICDIV2,,,,,,,,,,,b-VICDIV2.70,,,,,,,,,,,,,,,,
R_VICDIV3,,,,,,,,,,,b-VICDIV3.70,,,,,,,,,,,,,,,,
R_VICDIVA,,,,,,,,,,,b-VICDIVA.70,,,,,,,,,,,,,,,,
R_VICDIVB,,,,,,,,,,,b-VICDIVB.70,,,,,,,,,,,,,,,,
R_VICDIVC,,,,,,,,,,,b-VICDIVC.70,,,,,,,,,,,,,,,,
R_VICDIVE,,,,,,,,,,,b-VICDIVE.70,,,,,,,,,,,,,,,,
R_VICDIVF,,,,,,,,,,,b-VICDIVF.70,,,,,,,,,,,,,,,,
R_VICDIVG,,,,,,,,,,,b-VICDIVG.70,,,,,,,,,,,,,,,,
R_VICDVNW,,,,,,,,,,,b-VICDVNW.70,,,,,,,,,,,,,,,,
R_VICDVTN,,,,,,,,,,,b-VICDVTN.70,,,,,,,,,,,,,,,,
R_VICDVUH,,,,,,,,,,,b-VICDVUH.70,,,,,,,,,,,,,,,,
R_WAIKWTP,,,,,,,,,,,,,,,,,,b-WAIKWTP.223,,,,,,,,,
R_WAKCOLL,,,,,,,,,,,b-WAKCOLL.70,,,,,,,,,,,,,,,,
R_409115,,,,,,,b-WAKTOWN.50,,,,,,,,,,,,,,,,,,,,
R_WCORPUM,,,b-WENTUS.35,b-WENTUS.36,,,b-WCORPUM.50,,,,,,,,,,b-WCORPUM.212,,,,,,,,,,
R_425055,,,,,,,,,,,,,,,,,,,,,,,,,,,
R_WOORPUM,,,,,,,,,,,b-WOORPUM.70,,,,,,,,,,,,,,,,
