ROWS_SITE_ID,V_ShowInReservoirPlot,QI_ShowInReservoirPlot,H_ShowInReservoirPlot,Q_ShowInReservoirPlot,QO_ShowInReservoirPlot,P_ShowInReservoirPlot,QO_ShowInWeirPlot,QI_ShowInWeirPlot,Q_ShowInWeirPlot,EC_ShowInWeirPlot,P_ShowInWeirPlot,H_ShowInWeirPlot,H_ShowInReachPlot,V_ShowInReachPlot,QI_ShowInReachPlot,Q_ShowInReachPlot,P_ShowInReachPlot,EC_ShowInReachPlot,Q_ShowInLossPlot,QL_ShowInLossPlot,P_ShowInLossPlot,EVAP_ShowInLossPlot
R_072023,,,,,,R_401027,,,,,,,,,,,,,,,,
R_401027,R_401027;Jin2Doc;,R_401027,R_401027,R_401027;Jin2Doc;,R_401027,,,,,,,,,,,,,,,,,
R_401201A,,,,Jin2Doc;,,,,,,,,,,,,,,,,,,
R_401203A,,,,Hin2Tall;,,,,,,,,,,,,,,,,,,
R_401204A,,,,Hin2Tall;,,,,,,,,,,,,,,,,,,
R_401211A,,,,Hin2Tall;,,,,,,,,,,,,,,,,,,
R_401224A,Hin2Tall;,,,,,,,,,,,,,,,,,,,,,
R_402205A,,,,,,,,,,,,,,,,R_402222A,,,,,,
R_402222A,,,,,,,,,,,,,,,,R_402222A,R_402222A,,,,,
R_402203A,,,,,,,,,,,,,,,,R_402222A,,,,,,
R_403213A,,,,,,,,,,,,,,,R_403242C,,,,,,,
R_403227A,,,,,,,,,,,,,,,R_403242C,,R_403242C,,,,,
R_403230A,,,,,,,,,,,,,,,R_403242C,,R_403242C,,,,,
R_403235A,,,,,,,,,,,,,,,,R_403242C,,,,,,
R_403241A,,,,,,,,,,,,,,,,Yarr2Barmah;,,,,,,
R_403242C,,,,,,,,,R_409216A,,,,,,R_403242C,,,,,,,
R_405204C,,,,,,,,,R_409219,,,,,,,,,,,,,
R_405232C,,,,,,,,,R_409219,,,,,,,Brmh2Bal;,,,,,,
R_409002,,,,,,,,,R_409216A,,,,,,,,,,,R_409002,,
R_409008,,,,,,,,,,,,,,,,R_409215B;Yarr2Barmah;,,,,,,
R_409013,,,,,,,,,R_409101,,,,,,,,,,,,,
R_409014,,,,,,,,,R_409101,,,,,,,Ste2Wakj,,,,,,
R_409017,,,,Jin2Doc;,,,,,R_409216A,,,,,,,,,,,,,
R_409022,,,,,,,R_409101,,,,,,,,,,,,,,,
R_409023,,,,,,,R_409101,,,,,,,,,Ste2Wakj,,,R_409035,,,
R_409025,,,,,,,,,,,,,Yarr2Barmah;,,,R_409215B;Yarr2Barmah;,,,,,,
R_409030,,,,,,,,,,,,,,,,R_409215B;Yarr2Barmah;,,,,,,
R_409034,,,,,,,,,R_414209,,,,,,,,,,,,,
R_409035,,,,,,,,,,,,,,,,,,,R_409035,R_409035,,
R_409047,,,,,,,,,R_409101,,,,,,,,,,R_409035,,,
R_409101,,,,,,,,,,,,R_409101,,,,,,,,,,
R_409202A,,,,,,,,,,,,,,,,R_409215B,,,,,,
R_409204C,,,,,,,,,R_409219;R_414209,,,,Brmh2Bal;,,,Brmh2Bal;,,R_414209;Tor2Swnh,,,,
R_409207B,,,,,,,R_409219,,,,,,,,,Brmh2Bal;,,,R_414209,,,
R_409215B,,,,,,,,,R_409219,,,,,,,R_409215B;Yarr2Barmah;,,,,,,
R_409216A,,,,,,,R_409216A,R_409216A,,,,R_409216A,,,,,,,,,,
R_409219,,,,,,,,,,,,R_409219;Brmh2Bal;,,,,,,R_414209;Tor2Swnh;,,,,
R_409701D,,,,,,,,,,,,R_409219,,,,,,,,,,
R_409701E,,,,,,,R_409219,,R_409219,,,R_409219,,,,,,,,,,
R_410130,,,,,,,,,R_414209,,,,,,,Brmh2Bal;,,,,,,
R_410134,,,,,,,,,R_409101,,,,,,,,,,,,,
R_414200A,,,,,,,,,R_414209,,,,,,,Ste2Wakj,,R_414209,,,,
R_414201B,,,,,,,,,,,,,,,,,,R_414209,,,,
R_414203C,,,,,,,R_414209,,,,,,,,,Eus2SA;,,Eus2Lck9;,,,,
R_414209,,,,,,,,R_414209,,,,R_414209;Eus2SA;,,,,,,R_414209;,,R_414209,,
R_414210A,,,,,,,,,,,,,,,,,,Eus2SA;,,,,
R_414207A,,,,,,,,,,,,,,,,,,Eus2Lck9;,,,,
R_414216A,,,,,,,,,,,,,,,,Eus2SA;,,Eus2Lck9;Eus2SA;,,,,
R_425007,,,,,,,,,,,,,,,,Men2Mur;,,Men2Mur;,,,,
R_425010,,,,,,,,,,,,,,,,Eus2SA;,,,,,,
R_425012,,,,,,,,,,,,,,,,Men2Mur;,,,,,,
R_A4260501,,,,,,,,,,,,,,,,,,Eus2Lck9;Eus2SA;,,,,
R_A4260553,,,,,,,,,,,,,,Eus2SA;,,,,Eus2SA;,,,,
R_A4261093,Eus2SA;,,,,,,,,,,,,,Eus2SA;,,,,,,,,
R_FLOWTOSA,,,,,,,,,,,,,,,,Eus2SA;,,,,,,
R_MENINDE,,,,,,,,,,,,,,Men2Mur;,,,,,,,,
R_RCOR2YAR,,,,,,,,,,,,,,,,,,,,R_409002,,
R_RDP2COR,,,,,,,,,,,,,,,,,,,,R_409002,,
R_RHUMYAR,,,,,,,,,,,,,,,,,,,,R_409002,,
R_ZROWS,R_ZROWS,R_ZROWS,R_ZROWS,R_ZROWS,R_ZROWS,R_ZROWS,R_ZROWS,R_ZROWS,R_ZROWS,R_ZROWS,R_ZROWS,R_ZROWS,,,R_ZROWS,R_ZROWS,R_ZROWS,R_ZROWS,R_ZROWS,R_ZROWS,R_ZROWS,R_ZROWS
